0,0.0029709339141845703,0.0029709339141845703,0.0029709339141845703,0.0029709339141845703
1,0.0029997825622558594,0.00303064968585968,0.003013624163119002,0.00300712670386941
2,0.003000974655151367,0.003090959644317627,0.0030564701787202633,0.0030433833688654605
3,0.0030007362365722656,0.0031518637895584104,0.0030994707044580934,0.003079703282924019
4,0.0029997825622558594,0.003213362121582031,0.003142624505587047,0.0031160858319571236
5,0.0029985904693603516,0.003275454640388489,0.0031859303685680958,0.0031525304136867547
6,0.003999471664428711,0.003338141345977783,0.0032293871005108473,0.0031890364373073766
7,0.002999544143676758,0.0034014222383499148,0.0032729935286354493,0.0032256033231612287
8,0.002998828887939453,0.003465297317504883,0.0033167484997533286,0.003262230502425755
9,0.00299835205078125,0.003529766583442688,0.0033606508797659144,0.0032989174168126037
10,0.003999233245849609,0.00359483003616333,0.0034046995531806035,0.0033356635182776816
11,0.0039958953857421875,0.003660487675666809,0.003448893422643178,0.00337246826874175
12,0.003995418548583984,0.003726739501953125,0.0034932314084860235,0.0034093311398210886
13,0.004002094268798828,0.003793585515022278,0.003537712448291442,0.0034462516125677812
14,0.003968238830566406,0.003861025714874268,0.00358233549646945,0.0034832291772191894
15,0.003968477249145508,0.003929060101509094,0.003627099523849456,0.0035202633329562316
16,0.0039675235748291016,0.003997688674926758,0.003672003517285238,0.003557353587670051
17,0.0039997100830078125,0.004066911435127258,0.0037170464792726913,0.003594499457736747
18,0.0039691925048828125,0.004136728382110596,0.0037622274275798187,0.0036317004677997975
19,0.0039691925048828125,0.00420713951587677,0.0038075453948884794,0.0036689561505598624
20,0.0039975643157958984,0.004278144836425781,0.0038529994284474257,0.0037062660465716525
21,0.004029512405395508,0.004349744343757629,0.003898588589736189,0.00374362970404757
22,0.003971099853515625,0.004421938037872314,0.003944311954139368,0.0037810466786678313
23,0.004973173141479492,0.004494725918769836,0.003990168610630951,0.003818516533396839
24,0.0049974918365478516,0.004568107986450196,0.00403615766146826,0.003856038838305497
25,0.003880739212036133,0.004642084240913391,0.004082278221895144,0.0038936131703992773
26,0.004996776580810547,0.004716654682159423,0.004128529419854103,0.003931239113451784
27,0.004997968673706055,0.004791819310188294,0.0041749103957069746,0.0039689162578435975
28,0.004998922348022461,0.004867578125,0.004221420301963879,0.004006644200406201
29,0.004996299743652344,0.004943931126594543,0.004268058303020109,0.004044422544270782
30,0.003999948501586914,0.005020878314971924,0.004314823574900685,0.004082250898721712
31,0.0040018558502197266,0.005098419690132141,0.004361715305012284,0.0041201288790545555
32,0.004999399185180664,0.005176555252075195,0.004408732691902287,0.004158056106438403
33,0.005003213882446289,0.005255285000801086,0.004455874945024662,0.004196032207782368
34,0.004999637603759766,0.005334608936309815,0.00450314128451249,0.004234056815606115
35,0.004967927932739258,0.0054145270586013795,0.004550530940956845,0.004272129567914243
36,0.004999399185180664,0.005495039367675781,0.004598043155191829,0.004310250108074396
37,0.004999876022338867,0.00557614586353302,0.004645677178085558,0.004348418084698952
38,0.005000114440917969,0.005657846546173096,0.0046934322703368805,0.004386633151530172
39,0.005969524383544922,0.005740141415596008,0.004741307702277612,0.004424894967328683
40,0.0049991607666015625,0.005823030471801758,0.004789302753680149,0.004463203195765153
41,0.00500035285949707,0.0059065137147903445,0.0048374167135702235,0.004501557505315083
42,0.005000114440917969,0.005990591144561768,0.004885648880044654,0.004539957569156566
43,0.0059986114501953125,0.006075262761116028,0.004933998560093938,0.004578403065070933
44,0.005970954895019531,0.006160528564453125,0.004982465069429495,0.004616893675346187
45,0.0050008296966552734,0.006246388554573059,0.0050310477323154195,0.004655429086683097
46,0.005970001220703125,0.00633284273147583,0.005079745881404612,0.004694008990103913
47,0.005002737045288086,0.006419891095161437,0.005128558857579117,0.004732633080863549
48,0.00500035285949707,0.006507533645629882,0.005177486009794558,0.004771301058363212
49,0.005995512008666992,0.006595770382881164,0.005226526694928522,0.004810012626066346
50,0.005968570709228516,0.006684601306915283,0.005275680277632766,0.0048487674914168425
51,0.005999565124511719,0.006774026417732238,0.005324946130189151,0.00488756536575943
52,0.0059680938720703125,0.0068640457153320315,0.0053743236323691435,0.004926405964262165
53,0.006000041961669922,0.006954659199714661,0.00542381217129681,0.00496528900584098
54,0.006000041961669922,0.007045866870880127,0.005473411141315182,0.005004214213086186
55,0.005739927291870117,0.00713766872882843,0.005523119943855875,0.005043181312190891
56,0.0060024261474609375,0.007230064773559571,0.005572937987311894,0.0050821900328812735
57,0.005998134613037109,0.007323055005073548,0.0056228646869134905,0.00512124010834863
58,0.0059967041015625,0.007416639423370361,0.00567289946460701,0.005160331275183166
59,0.005998373031616211,0.007510818028450011,0.005723041748936613,0.005199463273309453
60,0.006997585296630859,0.0076055908203125,0.0057732909749288195,0.005238635845923514
61,0.006001710891723633,0.007700957798957824,0.005823646583979748,0.005277848739431493
62,0.005999565124511719,0.007796918964385987,0.005874108023745,0.00531710170338982
63,0.0060002803802490234,0.007893474316596984,0.005924674748032127,0.005356394490446887
64,0.005968809127807617,0.007990623855590821,0.005975346216695539,0.00539572685628613
65,0.005999326705932617,0.008088367581367493,0.006026121895533865,0.005435098559570509
66,0.006999492645263672,0.008186705493927,0.006077001256189652,0.005474509361888341
67,0.005994558334350586,0.008285637593269349,0.006127983776051316,0.005513959027700419
68,0.006997823715209961,0.00838516387939453,0.006179068938157337,0.00555344732428842
69,0.00696873664855957,0.008485284352302551,0.006230256231102589,0.005592974021704527
70,0.006997585296630859,0.008585999011993408,0.00628154514894675,0.005632538892722243
71,0.0069696903228759766,0.008687307858467103,0.006332935191124761,0.005672141712788372
72,0.00700068473815918,0.008789210891723633,0.006384425862359248,0.005711782259976117
73,0.006998538970947266,0.008891708111763002,0.006436016672574875,0.0057514603149392725
74,0.006967306137084961,0.008994799518585206,0.006487707136814539,0.005791175660867463
75,0.00655674934387207,0.009098485112190247,0.006539496775157412,0.005830928083442433
76,0.006970405578613281,0.009202764892578125,0.006591385112638725,0.005870717370795312
77,0.007003068923950195,0.00930763885974884,0.00664337167917129,0.0059105433134648815
78,0.006998300552368164,0.009413107013702392,0.006695456009468676,0.005950405704356742
79,0.006999492645263672,0.009519169354438781,0.006747637642970025,0.005990304338703442
80,0.006997108459472656,0.009625825881958008,0.00679991612376645,0.006030239014025465
81,0.0069997310638427734,0.009733076596260071,0.006852291000528974,0.006070209530093108
82,0.006970882415771484,0.00984092149734497,0.00690476182643797,0.006110215688889177
83,0.006996870040893555,0.009949360585212707,0.006957328159114076,0.006150257294572533
84,0.006997346878051758,0.010058393859863282,0.007009989560550502,0.006190334153442403
85,0.006997108459472656,0.010168021321296692,0.007062745597046772,0.006230446073903491
86,0.006999969482421875,0.010278242969512939,0.007115595839143782,0.00627059286643183
87,0.006955862045288086,0.010389058804512024,0.00716853986156018,0.006310774343541379
88,0.007968902587890625,0.010500468826293945,0.007221577243130052,0.006350990319751318
89,0.0070002079010009766,0.010612473034858703,0.00727470756674183,0.006391240611554061
90,0.007570743560791016,0.010725071430206299,0.007327930419278446,0.0064315250373839245
91,0.009001970291137695,0.01083826401233673,0.007381245391558653,0.006471843417586471
92,0.008000373840332031,0.01095205078125,0.007434652078279524,0.006512195574388488
93,0.00800013542175293,0.011066431736946106,0.007488150077960075,0.0065525813318685925
94,0.008009672164916992,0.011181406879425048,0.007541738992885981,0.006593000515928442
95,0.008000612258911133,0.011296976208686828,0.007595418429055383,0.006633452954264552
96,0.008028268814086914,0.011413139724731446,0.007649187996125744,0.006673938476340672
97,0.007997751235961914,0.011529897427558899,0.007703047307361718,0.006714456913360743
98,0.007968425750732422,0.011647249317169189,0.007756995979584019,0.00675500809824239
99,0.007997751235961914,0.011765195393562317,0.007811033633119281,0.006795591865590964
100,0.007999181747436523,0.011883735656738281,0.007865159891750857,0.006836208051674095
101,0.00800013542175293,0.012002870106697082,0.007919374382670544,0.006876856494396756
102,0.008001327514648438,0.01212259874343872,0.007973676736431231,0.006917537033276827
103,0.007999658584594727,0.012242921566963196,0.008028066586900407,0.0069582495094211326
104,0.007998943328857422,0.012363838577270508,0.008082543571214575,0.006998993765501977
105,0.008107900619506836,0.012485349774360655,0.008137107329734458,0.007039769645734107
106,0.008622169494628906,0.012607455158233642,0.00819175750600108,0.007080576995852141
107,0.008969306945800781,0.012730154728889467,0.008246493746692618,0.007121415663088442
108,0.00896906852722168,0.012853448486328124,0.008301315701582065,0.007162285496151402
109,0.008072376251220703,0.012977336430549621,0.00835622302349564,0.007203186345204159
110,0.008998870849609375,0.013101818561553956,0.008411215368271975,0.007244118061843713
111,0.008968591690063477,0.013226894879341125,0.008466292394722014,0.007285080499080443
112,0.009093284606933594,0.013352565383911132,0.008521453764589645,0.007326073511318006
113,0.009032011032104492,0.013478830075263978,0.008576699142513036,0.00736709695433363
114,0.008969306945800781,0.013605688953399659,0.00863202819598663,0.007408150685258761
115,0.009969472885131836,0.013733142018318175,0.008687440595323859,0.0074492345625600765
116,0.008999824523925781,0.013861189270019532,0.008742936013620473,0.007490348446020863
117,0.00996708869934082,0.013989830708503723,0.008798514126718516,0.007531492196722717
118,0.008995294570922852,0.014119066333770752,0.008854174613170958,0.007572665677027609
119,0.009029150009155273,0.014248896145820618,0.008909917154206913,0.007613868750560254
120,0.008997917175292969,0.01437932014465332,0.008965741433697457,0.007655101282190814
121,0.009001493453979492,0.01451033833026886,0.009021647138122053,0.007696363138017924
122,0.008999347686767578,0.014641950702667236,0.009077633956535549,0.007737654185352001
123,0.009968757629394531,0.01477415726184845,0.009133701580535702,0.007778974292698882
124,0.010000228881835938,0.0149069580078125,0.009189849704231307,0.00782032332974373
125,0.009998798370361328,0.015040352940559387,0.009246078024210827,0.007861701167335247
126,0.009998798370361328,0.015174342060089111,0.009302386239511561,0.007903107677470163
127,0.009999990463256836,0.015308925366401672,0.009358774051589323,0.007944542733277982
128,0.009998321533203125,0.015444102859497072,0.009415241164288652,0.007986006209006032
129,0.00996708869934082,0.015579874539375307,0.009471787283813468,0.00802749798000473
130,0.009969711303710938,0.015716240406036378,0.009528412118698265,0.008069017922713162
131,0.010030984878540039,0.015853200459480285,0.009585115379779734,0.008110565914644858
132,0.010032892227172852,0.01599075469970703,0.0096418967801689,0.00815214183437385
133,0.009998083114624023,0.016128903126716613,0.009698756035223643,0.008193745561520954
134,0.010969877243041992,0.016267645740509033,0.009755692862521748,0.008235376976740292
135,0.00999760627746582,0.01640698254108429,0.009812706981834318,0.008277035961706047
136,0.009998559951782227,0.016546913528442384,0.009869798115099674,0.008318722399099442
137,0.009999990463256836,0.016687438702583313,0.009926965986397616,0.008360436172595931
138,0.009998559951782227,0.01682855806350708,0.009984210321924154,0.008402177166852624
139,0.010001182556152344,0.016970271611213686,0.0100415308499666,0.0084439452674959
140,0.010999917984008789,0.017112579345703125,0.01009892730087907,0.008485740361109254
141,0.010999679565429688,0.017255481266975403,0.010156399407058366,0.008527562335221327
142,0.010998010635375977,0.017398977375030517,0.010213946902920247,0.008569411078294136
143,0.01081991195678711,0.01754306766986847,0.01027156952487605,0.008611286479711511
144,0.010967016220092773,0.017687752151489256,0.010329267011309717,0.008653188429767712
145,0.01052093505859375,0.017833030819892886,0.010387039102555125,0.008695116819656228
146,0.010970354080200195,0.017978903675079344,0.010444885540873809,0.008737071541458773
147,0.010967254638671875,0.018125370717048644,0.010502806070433008,0.008779052488134464
148,0.010999679565429688,0.018272431945800784,0.010560800437284053,0.00882105955350914
149,0.010998964309692383,0.018420087361335755,0.010618868389341079,0.008863092632264891
150,0.010998249053955078,0.018568336963653564,0.01067700967636007,0.008905151619929746
151,0.011000871658325195,0.01871718075275421,0.010735224049918226,0.00894723641286752
152,0.01099848747253418,0.018866618728637694,0.010793511263393608,0.008989346908267812
153,0.011998891830444336,0.019016650891304016,0.01085187107194514,0.009031483004136184
154,0.010998249053955078,0.019167277240753174,0.01091030323249287,0.009073644599284489
155,0.011965274810791016,0.01931849777698517,0.010968807503698542,0.009115831593321341
156,0.010999917984008789,0.0194703125,0.01102738364594646,0.009158043886642748
157,0.010999917984008789,0.019622721409797667,0.011086031421324619,0.009200281380422871
158,0.011850118637084961,0.019775724506378174,0.011144750593606131,0.009242543976604956
159,0.011999845504760742,0.019929321789741515,0.011203540928230919,0.009284831577892382
160,0.011999130249023438,0.020083513259887695,0.01126240219228768,0.009327144087739865
161,0.012000083923339844,0.02023829891681671,0.011321334154496092,0.009369481410344774
162,0.012511491775512695,0.020393678760528566,0.01138033658518931,0.009411843450638604
163,0.011999130249023438,0.020549652791023255,0.01143940925629671,0.009454230114278579
164,0.011998653411865234,0.02070622100830078,0.011498551941326842,0.009496641307639348
165,0.01199793815612793,0.020863383412361144,0.011557764415350696,0.009539076937804864
166,0.011998414993286133,0.021021140003204344,0.01161704645498513,0.009581536912560328
167,0.012000083923339844,0.02117949078083038,0.011676397838376611,0.009624021140384293
168,0.012001276016235352,0.02133843574523926,0.011735818345185119,0.00966652953044087
169,0.011998414993286133,0.02149797489643097,0.011795307756568339,0.009709061992572059
170,0.012000799179077148,0.021658108234405518,0.011854865855166012,0.009751618437290178
171,0.011996746063232422,0.021818835759162904,0.011914492425084567,0.009794198775770422
172,0.012000083923339844,0.021980157470703122,0.011974187251881933,0.009836802919843532
173,0.012998819351196289,0.022142073369026183,0.012033950122552567,0.009879430781988545
174,0.012999534606933594,0.02230458345413208,0.012093780825512697,0.009922082275325692
175,0.012996196746826172,0.022467687726020813,0.012153679150585765,0.00996475731360936
176,0.012999534606933594,0.022631386184692383,0.01221364488898806,0.010007455811221182
177,0.011999845504760742,0.02279567883014679,0.012273677833314593,0.010050177683163224
178,0.012999534606933594,0.022960565662384032,0.012333777777525088,0.010092922845051254
179,0.01299738883972168,0.02312604668140411,0.012393944516930244,0.010135691213108122
180,0.012999534606933594,0.023292121887207032,0.012454177848178129,0.010178482704157246
181,0.012971639633178711,0.023458791279792786,0.012514477569240793,0.01022129723561615
182,0.01299905776977539,0.023626054859161378,0.01257484347940102,0.010264134725490155
183,0.012978553771972656,0.023793912625312805,0.012635275379239306,0.010306995092366093
184,0.01300048828125,0.02396236457824707,0.012695773070620992,0.01034987825540617
185,0.013013601303100586,0.024131410717964173,0.012756336356683556,0.010392784134341864
186,0.012984037399291992,0.024301051044464114,0.012816965041824084,0.010435712649467951
187,0.012970447540283203,0.02447128555774689,0.012877658931686915,0.010478663721636597
188,0.014003753662109375,0.0246421142578125,0.01293841783315144,0.010521637272251508
189,0.013001441955566406,0.02481353714466095,0.012999241554320065,0.010564633223262215
190,0.013968706130981445,0.024985554218292235,0.01306012990450633,0.010607651497158381
191,0.013997793197631836,0.02515816547870636,0.01312108269422318,0.01065069201696424
192,0.013972759246826172,0.02533137092590332,0.013182099735171404,0.010693754706233063
193,0.013971090316772461,0.025505170559883116,0.013243180840228205,0.010736839489041734
194,0.013971805572509766,0.02567956438064575,0.013304325823435928,0.010779946289985385
195,0.013033390045166016,0.025854552388191225,0.013365534499990946,0.010823075034172115
196,0.013967275619506836,0.02603013458251953,0.013426806686232647,0.01086622564721776
197,0.013998746871948242,0.026206310963630675,0.01348814219963262,0.010909398055240762
198,0.013991117477416992,0.026383081531524657,0.013549540858783932,0.010952592184857078
199,0.01599907875061035,0.026560446286201474,0.013611002483390566,0.010995807963175184
200,0.013999223709106445,0.026738405227661133,0.013672526894256975,0.01103904531779112
201,0.013997554779052734,0.026916958355903627,0.013734113913277805,0.011082304176783632
202,0.014000892639160156,0.027096105670928954,0.013795763363427704,0.011125584468709343
203,0.014002084732055664,0.02727584717273712,0.013857475068751264,0.011168886122598014
204,0.013962984085083008,0.027456182861328126,0.013919248854353132,0.011212209067947863
205,0.01396632194519043,0.027637112736701965,0.013981084546388205,0.011255553234720933
206,0.013998031616210938,0.027818636798858643,0.014042981972051932,0.011298918553338541
207,0.013998985290527344,0.028000755047798153,0.0141049409595708,0.011342304954676764
208,0.013998985290527344,0.02818346748352051,0.01416696133819288,0.011385712370062001
209,0.014997720718383789,0.028366774106025696,0.014229042938178494,0.011429140731266588
210,0.014000177383422852,0.02855067491531372,0.014291185590791039,0.011472589970504463
211,0.014998197555541992,0.028735169911384584,0.014353389128287878,0.011516060020426898
212,0.014999151229858398,0.028920259094238284,0.014415653383911365,0.011559550814118278
213,0.014998912811279297,0.02910594246387482,0.014477978191879962,0.011603062285091935
214,0.0149993896484375,0.02929222002029419,0.014540363387379508,0.011646594367286043
215,0.014999866485595703,0.029479091763496397,0.01460280880655452,0.011690146995059545
216,0.015000343322753906,0.029666557693481446,0.014665314286499665,0.011733720103188164
217,0.015001535415649414,0.02985461781024933,0.014727879665251301,0.01177731362686043
218,0.014998197555541992,0.030043272113800045,0.01479050478177915,0.011820927501673786
219,0.014971017837524414,0.030232520604133607,0.014853189475977998,0.011864561663630717
220,0.014838218688964844,0.03042236328125,0.014915933588659594,0.011908216049134958
221,0.0149688720703125,0.030612800145149232,0.014978736961544581,0.011951890594987717
222,0.014970064163208008,0.030803831195831296,0.015041599437254525,0.011995585238383967
223,0.015000104904174805,0.030995456433296202,0.015104520859304056,0.012039299916908767
224,0.0149993896484375,0.031187675857543947,0.015167501072093097,0.012083034568533668
225,0.015970468521118164,0.031380489468574524,0.015230539920899195,0.012126789131613098
226,0.015002727508544922,0.031573897266387936,0.015293637251869899,0.012170563544880853
227,0.015569210052490234,0.031767899250984194,0.015356792912015282,0.012214357747446588
228,0.015000104904174805,0.031962495422363284,0.015420006749200523,0.012258171678792387
229,0.016030550003051758,0.032157685780525205,0.015483278612138555,0.012302005278769342
230,0.015968799591064453,0.03235347032546997,0.01554660835038285,0.012345858487594194
231,0.015001535415649414,0.03254984905719757,0.015609995814320246,0.012389731245846016
232,0.01596808433532715,0.032746821975708,0.015673440855163846,0.012433623494462906
233,0.015969038009643555,0.03294438908100129,0.015736943324946046,0.012477535174738775
234,0.015969038009643555,0.033142550373077395,0.015800503076511607,0.012521466228320115
235,0.015999555587768555,0.03334130585193634,0.015864119963510805,0.01256541659720284
236,0.015967607498168945,0.03354065551757812,0.015927793840392696,0.012609386223729167
237,0.01600027084350586,0.03374059937000275,0.015991524562398395,0.012653375050584507
238,0.015999555587768555,0.033941137409210204,0.01605531198555448,0.012697383020794428
239,0.01599860191345215,0.0341422696352005,0.016119155966666465,0.012741410077721617
240,0.01600027084350586,0.034343996047973634,0.016183056363312336,0.012785456165062908
241,0.016997814178466797,0.0345463166475296,0.016247013033836126,0.012829521226846339
242,0.01600050926208496,0.03474923143386841,0.016311025837341647,0.012873605207428217
243,0.015999794006347656,0.034952740406990056,0.016375094633686207,0.012917708051490267
244,0.016999244689941406,0.03515684356689453,0.016439219283474436,0.012961829704036759
245,0.01697063446044922,0.035361540913581846,0.016503399648052176,0.013005970110391717
246,0.0169677734375,0.035566832447052006,0.016567635589500435,0.013050129216196119
247,0.01604008674621582,0.03577271816730499,0.016631926970629415,0.013094306967405165
248,0.016968488693237305,0.03597919807434082,0.016696273654972598,0.01313850331028555
249,0.016970157623291016,0.036186272168159485,0.016760675506780873,0.013182718191412783
250,0.016999483108520508,0.036393940448760986,0.016825132391016805,0.013226951557668537
251,0.016967058181762695,0.03660220291614533,0.016889644173348862,0.01327120335623801
252,0.016525745391845703,0.0368110595703125,0.016954210720145777,0.01331547353460735
253,0.016978740692138672,0.03702051041126252,0.017018831898470945,0.013359762040561073
254,0.016998767852783203,0.03723055543899536,0.01708350757607689,0.013404068822179534
255,0.01699995994567871,0.03744119465351105,0.017148237621399796,0.013448393827836433
256,0.01699995994567871,0.03765242805480957,0.01721302190355405,0.013492737006196305
257,0.017000198364257812,0.03786425564289093,0.017277860292326915,0.013537098306212105
258,0.017000198364257812,0.038076677417755125,0.017342752658173238,0.013581477677122755
259,0.017999887466430664,0.03828969337940216,0.01740769887221013,0.013625875068450763
260,0.01797032356262207,0.03850330352783203,0.017472698806211863,0.01367029042999985
261,0.016971111297607422,0.03871750786304474,0.017537752332604666,0.013714723711852611
262,0.017998218536376953,0.038932306385040284,0.01760285932446169,0.013759174864368185
263,0.01699995994567871,0.03914769909381866,0.017668019655497906,0.013803643838179972
264,0.017967939376831055,0.03936368598937988,0.01773323320006523,0.013848130584193374
265,0.017624855041503906,0.039580267071723935,0.01779849983314749,0.013892635053583537
266,0.017966032028198242,0.03979744234085083,0.017863819430355626,0.013937157197793135
267,0.01796865463256836,0.040015211796760555,0.017929191867922856,0.0139816969685302
268,0.016999244689941406,0.04023357543945313,0.017994617022699853,0.014026254317765923
269,0.017998695373535156,0.040452533268928524,0.018060094772150072,0.01407082919773253
270,0.017998456954956055,0.04067208528518677,0.018125624994345058,0.01411542156092115
271,0.018000125885009766,0.04089223148822784,0.018191207567959826,0.01416003136007971
272,0.017971515655517578,0.041112971878051754,0.018256842372268253,0.014204658548210878
273,0.018996715545654297,0.041334306454658507,0.01832252928713858,0.014249303078569992
274,0.020000934600830078,0.0415562352180481,0.01838826819302889,0.014293964904663024
275,0.017999887466430664,0.04177875816822052,0.018454058970982703,0.014338643980244594
276,0.018000125885009766,0.04200187530517578,0.01851990150262455,0.01438334025931595
277,0.017999649047851562,0.042225586628913875,0.01858579567015564,0.014428053696123032
278,0.018998384475708008,0.042449892139434814,0.018651741356349536,0.014472784245154488
279,0.018998384475708008,0.042674791836738585,0.0187177384445479,0.01451753186113978
280,0.0189974308013916,0.042900285720825194,0.018783786818656265,0.014562296499047266
281,0.01799774169921875,0.04312637379169464,0.018849886363139865,0.014607078114082303
282,0.017999649047851562,0.04335305604934692,0.018916036963019495,0.014651876661685406
283,0.018999814987182617,0.04358033249378204,0.018982238503867405,0.014696692097530379
284,0.019000530242919922,0.043808203125,0.01904849087180325,0.01474152437752249
285,0.01900005340576172,0.04403666794300079,0.019114793953490066,0.014786373457796683
286,0.018999099731445312,0.044265726947784426,0.01918114763613031,0.01483123929471575
287,0.019000530242919922,0.04449538013935089,0.01924755180746192,0.014876121844868605
288,0.019036293029785156,0.04472562751770019,0.019314006355754396,0.014921021065068499
289,0.018999576568603516,0.04495646908283234,0.019380511169804965,0.014965936912351298
290,0.01899886131286621,0.045187904834747314,0.01944706613893475,0.015010869343973767
291,0.018999338150024414,0.04541993477344513,0.019513671152984982,0.015055818317411863
292,0.01900005340576172,0.045652558898925784,0.01958032610231325,0.015100783790359056
293,0.019037723541259766,0.04588577721118927,0.0196470308777898,0.015145765720724678
294,0.019123315811157227,0.046119589710235595,0.01971378537079384,0.015190764066632247
295,0.018970489501953125,0.04635399639606476,0.019780589473209927,0.015235778786417867
296,0.019968748092651367,0.046588997268676755,0.01984744307742434,0.015280809838628593
297,0.019970417022705078,0.046824592328071596,0.01991434607632153,0.01532585718202084
298,0.01996779441833496,0.04706078157424927,0.01998129836328053,0.01537092077555879
299,0.019998550415039062,0.047297565007209774,0.020048299832171542,0.01541600057841286
300,0.01999950408935547,0.047534942626953125,0.02011535037735238,0.015461096549958102
301,0.01999974250793457,0.047772914433479315,0.02018244989366511,0.015506208649772712
302,0.019998550415039062,0.04801148042678833,0.020249598276432575,0.015551336837636476
303,0.01999974250793457,0.04825064060688019,0.02031679542145507,0.015596481073529287
304,0.02000141143798828,0.04849039497375488,0.020384041225007015,0.015641641317629663
305,0.020002365112304688,0.04873074352741241,0.020451335583833573,0.015686817530313233
306,0.01999974250793457,0.04897168626785278,0.020518678395147472,0.015732009672151326
307,0.01997208595275879,0.04921322319507599,0.02058606955662567,0.015777217703909482
308,0.019998788833618164,0.04945535430908203,0.02065350896640622,0.015822441586546065
309,0.01999807357788086,0.04969807960987092,0.020720996523085008,0.01586768128121079
310,0.020116806030273438,0.04994139909744262,0.020788532125712654,0.015912936749243375
311,0.021000385284423828,0.05018531277179718,0.020856115673791347,0.015958207952172107
312,0.01999974250793457,0.050429820632934566,0.020923747067271795,0.016003494851712492
313,0.019998550415039062,0.05067492268085479,0.02099142620655009,0.016048797409765888
314,0.020998477935791016,0.050920618915557866,0.02105915299246472,0.01609411558841814
315,0.020999670028686523,0.051166909337043764,0.02112692732629354,0.016139449349938263
316,0.020998716354370117,0.051413793945312494,0.021194749109750794,0.01618479865677711
317,0.02100086212158203,0.05166127274036408,0.021262618244984124,0.01623016347156605
318,0.02099776268005371,0.051909345722198484,0.02133053463457167,0.016275543757115676
319,0.020999670028686523,0.05215801289081574,0.021398498181519184,0.016320939476414536
320,0.02100062370300293,0.05240727424621582,0.021466508789257106,0.016366350592627834
321,0.021001338958740234,0.052657129788398746,0.021534566361637735,0.016411777069096183
322,0.020965099334716797,0.0529075795173645,0.021602670802932423,0.016457218869334343
323,0.020998239517211914,0.0531586234331131,0.021670822017828717,0.01650267595703
324,0.020997285842895508,0.05341026153564453,0.021739019911427657,0.01654814829604252
325,0.020999670028686523,0.0536624938249588,0.021807264389240976,0.01659363585040175
326,0.022003173828125,0.05391532030105591,0.021875555357188384,0.01663913858430682
327,0.020997285842895508,0.054168740963935855,0.02194389272159488,0.01668465646212491
328,0.02199864387512207,0.054422755813598636,0.022012276389188058,0.01673018944839013
329,0.02199864387512207,0.05467736485004425,0.022080706267095473,0.016775737507802296
330,0.021999359130859375,0.0549325680732727,0.02214918226284198,0.016821300605225808
331,0.021999835968017578,0.055188365483284,0.02221770428434718,0.016866878705688485
332,0.022000551223754883,0.05544475708007813,0.02228627223992279,0.01691247177438043
333,0.02200007438659668,0.05570174286365509,0.022354886038270065,0.016958079776652896
334,0.02303290367126465,0.05595932283401489,0.02242354558847735,0.01700370267801719
335,0.022008419036865234,0.05621749699115753,0.02249225080001746,0.01704934044414354
336,0.022000551223754883,0.05647626533508301,0.02256100158274526,0.017094993040860023
337,0.022998332977294922,0.056735627865791324,0.022629797846895148,0.017140660434151463
338,0.022510766983032227,0.05699558458328247,0.022698639503078634,0.01718634259015836
339,0.021997928619384766,0.05725613548755645,0.02276752646228189,0.017232039475175827
340,0.024000167846679688,0.05751728057861328,0.022836458635863362,0.017277751055652532
341,0.021999835968017578,0.057779019856452944,0.022905435935551367,0.01732347729818964
342,0.02299785614013672,0.05804135332107544,0.022974458273441724,0.017369218169539798
343,0.021998882293701172,0.058304280972480776,0.023043525561995428,0.017414973636606088
344,0.022119998931884766,0.058567802810668944,0.023112637714036308,0.017460743666441004
345,0.022998809814453125,0.05883191883563995,0.023181794642748714,0.01750652822624547
346,0.022999048233032227,0.0590966290473938,0.023250996261675264,0.017552327283367815
347,0.023001909255981445,0.05936193344593048,0.023320242484714534,0.017598140805302784
348,0.022999286651611328,0.05962783203125,0.023389533226118836,0.017643968759690556
349,0.02299785614013672,0.059894324803352356,0.023458868400491998,0.0176898111143158
350,0.023000478744506836,0.06016141176223755,0.023528247922787116,0.017735667837106645
351,0.023000240325927734,0.06042909290790558,0.023597671708304412,0.01778153889613379
352,0.023998260498046875,0.060697368240356445,0.023667139672689044,0.017827424259609526
353,0.022969961166381836,0.060966237759590154,0.023736651731928925,0.017873323895886778
354,0.023001670837402344,0.06123570146560669,0.02380620780235262,0.01791923777345822
355,0.023507356643676758,0.06150575935840607,0.023875807800627223,0.01796516586095529
356,0.023155689239501953,0.06177641143798829,0.023945451643756246,0.01801110812714736
357,0.023968219757080078,0.062047657704353325,0.024015139249077548,0.018057064540940734
358,0.02300238609313965,0.06231949815750123,0.024084870534261258,0.01810303507137781
359,0.023999929428100586,0.06259193279743194,0.024154645417307732,0.018149019687636176
360,0.02399921417236328,0.06286496162414551,0.024224463816545545,0.018195018359027725
361,0.024001359939575195,0.06313858463764191,0.02429432565062942,0.01824103105499776
362,0.023996353149414062,0.06341280183792114,0.02436423083853829,0.018287057745124166
363,0.02399730682373047,0.06368761322498322,0.02443417929957331,0.018333098399116503
364,0.024000167846679688,0.06396301879882813,0.02450417095335583,0.0183791529868152
365,0.024000167846679688,0.06423901855945587,0.024574205719825524,0.018425221478190656
366,0.02399921417236328,0.06451561250686645,0.02464428351923843,0.018471303843342453
367,0.024997949600219727,0.06479280064105988,0.02471440427216501,0.018517400052498495
368,0.0240325927734375,0.06507058296203613,0.024784567899488286,0.01856351007601418
369,0.024999618530273438,0.06534895946979523,0.024854774322401914,0.018609633884371608
370,0.024077653884887695,0.06562793016433716,0.024925023462408366,0.018655771448178742
371,0.02428889274597168,0.06590749504566193,0.024995315241317012,0.018701922738168626
372,0.024969816207885742,0.06618765411376953,0.02506564958124234,0.01874808772519858
373,0.02499985694885254,0.06646840736865997,0.0251360264046021,0.018794266380249402
374,0.023999691009521484,0.06674975481033325,0.025206445634115504,0.018840458674424607
375,0.025034189224243164,0.06703169643878937,0.02527690719280138,0.018886664578949625
376,0.025967836380004883,0.06731423225402831,0.025347411003976503,0.01893288406517104
377,0.02599787712097168,0.0675973622560501,0.025417956991253696,0.018979117104555843
378,0.02496957778930664,0.06788108644485474,0.025488545078540193,0.019025363668690645
379,0.02499842643737793,0.0681654048204422,0.025559175190035796,0.019071623729280944
380,0.026000022888183594,0.0684503173828125,0.025629847250231257,0.019117897258150402
381,0.025000333786010742,0.06873582413196563,0.025700561183906467,0.019164184227240047
382,0.024998903274536133,0.06902192506790161,0.025771316916128804,0.019210484608607595
383,0.02599811553955078,0.06930862019062042,0.02584211437225146,0.019256798374426707
384,0.026999473571777344,0.06959590950012207,0.02591295347791178,0.019303125496986265
385,0.02608656883239746,0.06988379299640655,0.025983834159029523,0.01934946594868965
386,0.02503037452697754,0.07017227067947387,0.0260547563418053,0.019395819702054062
387,0.026000499725341797,0.07046134254932403,0.026125719952718937,0.019442186729709786
388,0.025462865829467773,0.07075100860595702,0.026196724918527814,0.019488567004399514
389,0.02496790885925293,0.07104126884937285,0.026267771166265264,0.019534960498977638
390,0.0259706974029541,0.07133212327957154,0.02633885862323902,0.01958136718640959
391,0.026015281677246094,0.07162357189655304,0.02640998721702959,0.019627787039771145
392,0.025998830795288086,0.07191561470031738,0.026481156875488715,0.01967422003224774
393,0.025513887405395508,0.07220825169086456,0.02655236752673779,0.01972066613713382
394,0.026000022888183594,0.07250148286819458,0.026623619099166343,0.01976712532783217
395,0.026003122329711914,0.07279530823230744,0.026694911521430463,0.019813597577853254
396,0.026999473571777344,0.07308972778320313,0.02676624472245134,0.01986008286081457
397,0.026971101760864258,0.07338474152088166,0.026837618631413682,0.019906581150439986
398,0.026997804641723633,0.07368034944534302,0.02690903317776429,0.01995309242055912
399,0.026033401489257812,0.07397655155658721,0.0269804882912105,0.019999616645106695
400,0.02659296989440918,0.07427334785461426,0.027051983901718753,0.02004615379812189
401,0.026998281478881836,0.07457073833942414,0.027123519939513147,0.02009270385374773
402,0.026967525482177734,0.07486872301101684,0.02719509633507394,0.02013926678623048
403,0.026999950408935547,0.0751673018693924,0.027266713019136097,0.020185842569918993
404,0.02700042724609375,0.07546647491455077,0.027338369922687938,0.020232431179264113
405,0.02699875831604004,0.07576624214649201,0.027410066976969624,0.020279032588818077
406,0.02699875831604004,0.07606660356521606,0.027481804113471824,0.020325646773233903
407,0.02699875831604004,0.07636755917072295,0.027553581263934267,0.020372273707264802
408,0.02700066566467285,0.0766691089630127,0.027625398360344364,0.02041891336576357
409,0.02699732780456543,0.07697125294208527,0.027697255334935854,0.020465565723681994
410,0.026999711990356445,0.07727399110794068,0.027769152120187407,0.02051223075607032
411,0.027513504028320312,0.07757732346057893,0.027841088648821285,0.020558908438076607
412,0.027001142501831055,0.07788125,0.02791306485380198,0.02060559874494618
413,0.026998519897460938,0.07818577072620392,0.027985080668334883,0.020652301652021084
414,0.028000354766845703,0.07849088563919067,0.028057136025864998,0.02069901713473948
415,0.027968406677246094,0.07879659473896027,0.028129230860075505,0.020745745168635102
416,0.027001142501831055,0.0791028980255127,0.028201365104886616,0.0207924857293367
417,0.027996301651000977,0.07940979549884795,0.02827353869445415,0.02083923879256749
418,0.027999401092529297,0.07971728715896606,0.028345751563168306,0.020886004334144604
419,0.028000354766845703,0.080025373005867,0.028418003645652345,0.020932782329978535
420,0.02799820899963379,0.08033405303955078,0.028490294876761375,0.02097957275607262
421,0.0279996395111084,0.0806433272600174,0.028562625191581033,0.021026375588522467
422,0.02799820899963379,0.08095319566726684,0.02863499452542628,0.021073190803515482
423,0.028998851776123047,0.08126365826129914,0.02870740281384011,0.02112001837733028
424,0.0279998779296875,0.08157471504211426,0.028779849992592373,0.021166858286336195
425,0.02796149253845215,0.08188636600971222,0.028852335997678516,0.02121371050699276
426,0.02899909019470215,0.08219861116409302,0.028924860765318392,0.02126057501584919
427,0.028174877166748047,0.08251145050525666,0.028997424231955,0.021307451789543852
428,0.02896261215209961,0.08282488403320312,0.02907002633425337,0.021354340804803782
429,0.028986454010009766,0.08313891174793243,0.029142667009099312,0.02140124203844417
430,0.028989315032958984,0.08345353364944458,0.029215346193598238,0.02144815546736786
431,0.02900099754333496,0.08376874973773957,0.029288063825074047,0.021495081068564858
432,0.02880573272705078,0.08408456001281737,0.02936081984106789,0.02154201881911184
433,0.028115272521972656,0.08440096447467804,0.02943361417933706,0.02158896869617164
434,0.0279996395111084,0.08471796312332153,0.02950644677785384,0.021635930676992817
435,0.028911352157592773,0.08503555595874786,0.02957931757480434,0.021682904738909117
436,0.029036521911621094,0.08535374298095703,0.029652226508587405,0.021729890859339025
437,0.02903580665588379,0.08567252418994904,0.029725173517813466,0.02177688901578529
438,0.028968334197998047,0.08599189958572388,0.02979815854130342,0.02182389918583445
439,0.029000043869018555,0.08631186916828155,0.02987118151808756,0.02187092134715636
440,0.029031038284301758,0.08663243293762207,0.029944242387404424,0.021917955477503737
441,0.029242277145385742,0.08695359089374542,0.03001734108869976,0.02196500155471169
442,0.029001951217651367,0.08727534303665162,0.030090477561625417,0.022012059556697276
443,0.0290372371673584,0.08759768936634063,0.03016365174603823,0.022059129461459034
444,0.029999732971191406,0.08792062988281249,0.03023686358199905,0.02210621124707654
445,0.029998779296875,0.0882441645860672,0.03031011300977159,0.022153304891709965
446,0.028998374938964844,0.08856829347610473,0.030383399969821402,0.02220041037359962
447,0.029998779296875,0.08889301655292511,0.03045672440281485,0.022247527671065522
448,0.029999971389770508,0.08921833381652831,0.030530086249618067,0.022294656762506963
449,0.0296785831451416,0.08954424526691437,0.03060348545129589,0.02234179762640206
450,0.030000686645507812,0.08987075090408325,0.03067692194911089,0.022388950241307343
451,0.028999805450439453,0.09019785072803498,0.030750395684522324,0.022436114585857325
452,0.0299990177154541,0.09052554473876953,0.0308239065991851,0.022483290638764045
453,0.029998064041137695,0.09085383293628693,0.030897454634948838,0.0225304783788167
454,0.029998779296875,0.09118271532058717,0.030971039733856818,0.02257767778488118
455,0.030001163482666016,0.09151219189167022,0.031044661838145027,0.02262488883589968
456,0.030000686645507812,0.09184226264953613,0.031118320890241146,0.022672111510890283
457,0.029998779296875,0.09217292759418487,0.03119201683276362,0.022719345788946542
458,0.029999732971191406,0.09250418672561644,0.03126574960852061,0.022766591649237073
459,0.030998945236206055,0.09283604004383088,0.031339519160509144,0.022813849071005164
460,0.029998779296875,0.09316848754882813,0.031413325431914045,0.022861118033568367
461,0.030998945236206055,0.09350152924060821,0.031487168366107085,0.022908398516318092
462,0.03099989891052246,0.09383516511917114,0.03156104790664595,0.022955690498719226
463,0.0299985408782959,0.0941693951845169,0.03163496399727338,0.02300299396030974
464,0.03000044822692871,0.09450421943664551,0.03170891658191617,0.023050308880700286
465,0.030001163482666016,0.09483963787555695,0.03178290560468434,0.023097635239573817
466,0.029998302459716797,0.09517565050125122,0.0318569310098701,0.02314497301668521
467,0.031000614166259766,0.09551225731372832,0.03193099274194706,0.023192322191860886
468,0.031030893325805664,0.09584945831298829,0.032005090745569224,0.02323968274499841
469,0.030998945236206055,0.09618725349903107,0.032079224965570134,0.023287054656066144
470,0.03096795082092285,0.09652564287185669,0.03215339534696201,0.023334437905102853
471,0.03099989891052246,0.09686462643146515,0.032227601834934796,0.023381832472217336
472,0.03151059150695801,0.09720420417785645,0.03230184437485532,0.02342923833758808
473,0.03099989891052246,0.09754437611103059,0.03237612291226643,0.023476655481462865
474,0.031029224395751953,0.09788514223098756,0.03245043739288608,0.023524083884158418
475,0.03096604347229004,0.09822650253772736,0.032524787762606526,0.02357152352606005
476,0.030999422073364258,0.09856845703125,0.0325991739674934,0.023618974387621294
477,0.031996726989746094,0.09891100571155549,0.03267359595378492,0.023666436449363552
478,0.031999826431274414,0.0992541485786438,0.032748053667891006,0.023713909691875753
479,0.03099966049194336,0.09959788563251494,0.03282254705639247,0.023761394095813976
480,0.03199887275695801,0.09994221687316894,0.032897076066040115,0.023808889641901136
481,0.032000064849853516,0.10028714230060579,0.03297164064375402,0.023856396310926606
482,0.031998634338378906,0.10063266191482544,0.03304624073662261,0.023903914083745904
483,0.03200125694274902,0.10097877571582795,0.03312087629190185,0.02395144294128031
484,0.03199887275695801,0.10132548370361329,0.03319554725701452,0.023998982864516592
485,0.0319976806640625,0.10167278587818145,0.03327025357954928,0.024046533834506608
486,0.03199934959411621,0.10202068223953246,0.03334499520725999,0.024094095832366987
487,0.03199958801269531,0.10236917278766632,0.03341977208806481,0.02414166883927883
488,0.032973527908325195,0.102718257522583,0.033494584170045465,0.02418925283648734
489,0.031999826431274414,0.10306793644428254,0.03356943140144646,0.024236847805301526
490,0.031999826431274414,0.1034182095527649,0.033644313730674266,0.024284453727093844
491,0.03201746940612793,0.10376907684803009,0.033719231106296564,0.024332070583299927
492,0.03203248977661133,0.10412053833007812,0.033794183477041446,0.02437969835541819
493,0.031998634338378906,0.104472593998909,0.03386917079179672,0.024427337025009585
494,0.03299880027770996,0.1048252438545227,0.033944192999609046,0.024474986573697243
495,0.032998085021972656,0.10517848789691926,0.034019250049683265,0.02452264698316616
496,0.03299880027770996,0.10553232612609863,0.03409434189138161,0.024570318235162928
497,0.032000064849853516,0.10588675854206085,0.034169468474222926,0.024618000311495337
498,0.03296971321105957,0.1062417851448059,0.03424462974788201,0.02466569319403218
499,0.03300046920776367,0.1065974059343338,0.03431982566218881,0.024713396864702857
500,0.031966209411621094,0.10695362091064453,0.03439505616712767,0.024761111305497106
501,0.03297066688537598,0.1073104300737381,0.0344703212128367,0.02480883649846471
502,0.032998085021972656,0.10766783342361451,0.034545620749606945,0.024856572425715182
503,0.03299975395202637,0.10802583096027374,0.034620954727881736,0.024904319069417466
504,0.032998085021972656,0.10838442268371581,0.034696323098255925,0.02495207641179965
505,0.032997846603393555,0.10874360859394074,0.034771725811475224,0.02499984443514868
506,0.03300142288208008,0.10910338869094847,0.03484716281843546,0.025047623121810043
507,0.03300118446350098,0.10946376297473909,0.0349226340701819,0.0250954124541875
508,0.03399991989135742,0.1098247314453125,0.034998139517908554,0.02514321241474279
509,0.03300142288208008,0.11018629410266875,0.035073679112957425,0.02519102298599534
510,0.033998727798461914,0.11054845094680786,0.035149252806817924,0.025238844150521984
511,0.03303050994873047,0.11091120197772979,0.035224860551126086,0.02528667589095669
512,0.03399968147277832,0.11127454719543457,0.03530050229766395,0.02533451818999025
513,0.03399968147277832,0.11163848659992219,0.035376177998358876,0.025382371030370044
514,0.033998966217041016,0.11200302019119261,0.035451887605282846,0.025430234394899744
515,0.03400015830993652,0.11236814796924591,0.03552763107065184,0.025478108266439013
516,0.03299999237060547,0.11273386993408203,0.03560340834682512,0.025525992627903265
517,0.0339658260345459,0.113100186085701,0.03567921938630464,0.0255738874622634
518,0.03350710868835449,0.11346709642410278,0.03575506414173429,0.02562179275254549
519,0.03399920463562012,0.1138346009492874,0.03583094256589938,0.02566970848183056
520,0.03399848937988281,0.11420269966125488,0.03590685461172587,0.02571763463325429
521,0.03500008583068848,0.1145713925600052,0.03598280023227979,0.025765571190006768
522,0.03399920463562012,0.11494067964553834,0.036058779380766584,0.025813518135332204
523,0.03499794006347656,0.11531056091785431,0.03613479201053051,0.02586147545252872
524,0.03499794006347656,0.11568103637695314,0.03621083807505396,0.02590944312494802
525,0.03397083282470703,0.11605210602283478,0.03628691752795682,0.02595742113599518
526,0.0349729061126709,0.11642376985549928,0.03636303032299594,0.026005409469128382
527,0.03400731086730957,0.1167960278749466,0.03643917641406442,0.026053408107858663
528,0.03500008583068848,0.11716888008117676,0.03651535575519102,0.026101417035749648
529,0.034999847412109375,0.11754232647418977,0.03659156830053959,0.026149436236417304
530,0.033998966217041016,0.11791636705398559,0.03666781400440839,0.026197465693529702
531,0.03499865531921387,0.11829100182056426,0.03674409282122955,0.026245505390806757
532,0.03497147560119629,0.11866623077392578,0.03682040470556845,0.02629355531201999
533,0.03499865531921387,0.11904205391407013,0.036896749612123074,0.026341615440992262
534,0.03500008583068848,0.11941847124099732,0.036973127495723526,0.026389685761597573
535,0.03500223159790039,0.11979548275470733,0.03704953831133131,0.026437766257760762
536,0.03400087356567383,0.12017308845520018,0.037125982014038834,0.02648585691345733
537,0.034999847412109375,0.1205512883424759,0.037202458559068806,0.026533957712713142
538,0.03499865531921387,0.12093008241653443,0.037278967901773645,0.026582068639604245
539,0.03600001335144043,0.12130947067737578,0.037355509997634886,0.026630189678256574
540,0.03596854209899902,0.121689453125,0.03743208480226266,0.02667832081284578
541,0.03600025177001953,0.12207002975940703,0.0375086922713951,0.026726462027596928
542,0.03503870964050293,0.12245120058059693,0.03758533236089773,0.02677461330678434
543,0.03503012657165527,0.12283296558856965,0.037662005026762965,0.026822774634731306
544,0.03597211837768555,0.12321532478332518,0.03773871022510956,0.026870945995809883
545,0.03599905967712402,0.12359827816486359,0.03781544791218196,0.026919127374440667
546,0.03600120544433594,0.12398182573318481,0.03789221804434988,0.026967318755092538
547,0.03599977493286133,0.12436596748828888,0.03796902057810765,0.027015520122282508
548,0.03550434112548828,0.12475070343017579,0.0380458554700737,0.02706373146057539
549,0.036885738372802734,0.12513603355884553,0.03812272267699007,0.027111952754583692
550,0.03699970245361328,0.1255219578742981,0.03819962215572177,0.027160183988967305
551,0.03699994087219238,0.12590847637653352,0.03827655386325634,0.02720842514843333
552,0.03599834442138672,0.12629558906555174,0.03835351775670327,0.027256676217735858
553,0.03600025177001953,0.12668329594135286,0.03843051379329345,0.02730493718167574
554,0.03499960899353027,0.12707159700393678,0.0385075419303787,0.02735320802510038
555,0.03699827194213867,0.12746049225330353,0.03858460212543118,0.027401488732903517
556,0.03599905967712402,0.12784998168945313,0.038661694336042975,0.027449779290025025
557,0.035965919494628906,0.12824006531238558,0.03873881851992544,0.027498079681450686
558,0.036998748779296875,0.12863074312210082,0.03881597463490877,0.027546389892211986
559,0.037000179290771484,0.12902201511859893,0.03889316263894148,0.027594709907385915
560,0.037450313568115234,0.1294138813018799,0.03897038249008988,0.027643039712094745
561,0.03699994087219238,0.1298063416719437,0.039047634146537585,0.027691379291505835
562,0.03699827194213867,0.1301993962287903,0.03912491756658501,0.027739728630831434
563,0.03707313537597656,0.13059304497241972,0.03920223270864884,0.027788087715328445
564,0.03797006607055664,0.130987287902832,0.03927957953126158,0.027836456530298266
565,0.03712606430053711,0.13138212502002716,0.03935695799307101,0.027884835061086556
566,0.03708505630493164,0.13177755632400515,0.03943436805283978,0.02793322329308305
567,0.03696846961975098,0.13217358181476593,0.039511809669444786,0.027981621211721364
568,0.0376591682434082,0.13257020149230958,0.03958928280187682,0.028030028802478776
569,0.038001298904418945,0.13296741535663606,0.03966678740924001,0.028078446050876067
570,0.03699994087219238,0.13336522340774537,0.03974432345075134,0.028126872942477284
571,0.03800034523010254,0.1337636256456375,0.03982189088574022,0.028175309462889576
572,0.03799939155578613,0.1341626220703125,0.039899489673647974,0.028223755597762988
573,0.03681325912475586,0.13456221268177032,0.03997711977402736,0.028272211332790273
574,0.037038564682006836,0.134962397480011,0.040054781146542144,0.028320676653706717
575,0.03703761100769043,0.13536317646503448,0.040132473750966575,0.028369151546289915
576,0.03900003433227539,0.13576454963684081,0.04021019754718498,0.028417635996359606
577,0.03699922561645508,0.13616651699543,0.04028795249519126,0.028466129989777492
578,0.037999868392944336,0.136569078540802,0.040365738555088446,0.02851463351244703
579,0.03808856010437012,0.13697223427295685,0.04044355568708827,0.02856314655031328
580,0.03796839714050293,0.13737598419189453,0.04052140385151062,0.028611669089362662
581,0.037969112396240234,0.13778032829761505,0.040599283008783245,0.02866020111562286
582,0.03899788856506348,0.1381852665901184,0.04067719311944114,0.02870874261516258
583,0.03799915313720703,0.1385907990694046,0.04075513414412618,0.02875729357409134
584,0.03899979591369629,0.13899692573547365,0.040833106043586725,0.028805853978559382
585,0.03802895545959473,0.1394036465883255,0.040911108778677076,0.028854423814757432
586,0.03800082206726074,0.13981096162796022,0.04098914231035709,0.028903003068916532
587,0.0390012264251709,0.14021887085437776,0.04106720659969178,0.02895159172730786
588,0.03899836540222168,0.14062737426757813,0.04114530160785078,0.029000189776242562
589,0.03896975517272949,0.14103647186756132,0.041223427296108034,0.029048797202071604
590,0.03850674629211426,0.14144616365432738,0.04130158362584125,0.02909741399118553
591,0.03899836540222168,0.14185644962787627,0.0413797705585316,0.029146040130014362
592,0.03851032257080078,0.14226732978820802,0.04145798805576314,0.02919467560502738
593,0.03899955749511719,0.14267880413532258,0.041536236079222556,0.029243320402732993
594,0.03900456428527832,0.14309087266921997,0.041614514590698634,0.029291974509678523
595,0.03896737098693848,0.1435035353899002,0.04169282355208184,0.02934063791245007
596,0.038513898849487305,0.1439167922973633,0.041771162925364,0.02938931059767234
597,0.03899955749511719,0.1443306433916092,0.041849532672637774,0.02943799255200847
598,0.03900003433227539,0.14474508867263794,0.041927932756096305,0.029486683762159866
599,0.0390017032623291,0.14516012814044954,0.04200636313803284,0.029535384214866026
600,0.038962364196777344,0.14557576179504395,0.042084823780840226,0.029584093896904414
601,0.03800010681152344,0.14599198963642118,0.04216331464701064,0.029632812795090262
602,0.03900909423828125,0.1464088116645813,0.042241835699135054,0.029681540896276417
603,0.03899836540222168,0.14682622787952423,0.042320386899902904,0.029730278187353174
604,0.03903388977050781,0.14724423828125,0.04239896821210172,0.029779024655248138
605,0.03999948501586914,0.14766284286975861,0.042477579598616685,0.02982778028692606
606,0.0390017032623291,0.14808204164505007,0.0425562210224302,0.029876545069388635
607,0.040511369705200195,0.14850183460712435,0.04263489244662165,0.029925318989674418
608,0.0390324592590332,0.14892222175598144,0.0427135938343668,0.029974102034858615
609,0.04000115394592285,0.14934320309162138,0.04279232514893761,0.030022894192052937
610,0.04000043869018555,0.1497647786140442,0.04287108635370174,0.03007169544840546
611,0.03999948501586914,0.15018694832324983,0.042949877412122126,0.030120505791100458
612,0.03996467590332031,0.15060971221923827,0.04302869828775675,0.030169325207358252
613,0.04000139236450195,0.15103307030200958,0.043107548944258146,0.030218153684435086
614,0.039999961853027344,0.1514570225715637,0.04318642934537301,0.030266991209622902
615,0.04099893569946289,0.1518815690279007,0.04326533945494196,0.03031583777024929
616,0.03999948501586914,0.1523067096710205,0.04334427923689898,0.03036469335367725
617,0.04099845886230469,0.15273244450092316,0.04342324865527118,0.030413557947305107
618,0.039968013763427734,0.15315877351760865,0.04350224767417841,0.030462431538566318
619,0.04000067710876465,0.15358569672107697,0.043581276257832854,0.030511314114929352
620,0.04011082649230957,0.15401321411132812,0.04366033437053867,0.030560205663897545
621,0.04099869728088379,0.1544413256883621,0.04373942197669168,0.03060910617300893
622,0.04099917411804199,0.15487003145217895,0.043818539040778946,0.030658015629836114
623,0.04111623764038086,0.15529933140277863,0.04389768552737845,0.030706934021986137
624,0.041997671127319336,0.15572922554016114,0.04397686140115874,0.03075586133710031
625,0.0410001277923584,0.15615971386432648,0.04405606662687853,0.03080479756285409
626,0.04099869728088379,0.15659079637527465,0.04413530116938639,0.030853742686956936
627,0.04100155830383301,0.15702247307300568,0.044214564993620406,0.03090269669715216
628,0.0409698486328125,0.15745474395751952,0.04429385806460779,0.030951659581216786
629,0.0410001277923584,0.15788760902881624,0.04437318034746454,0.031000631326961445
630,0.041996002197265625,0.15832106828689574,0.044452531807395126,0.03104961192223016
631,0.0409998893737793,0.15875512173175813,0.04453191240969211,0.031098601354900304
632,0.0409998893737793,0.15918976936340332,0.044611322119735855,0.031147599612882413
633,0.0410003662109375,0.15962501118183137,0.04469076090299411,0.03119660668412002
634,0.04243040084838867,0.16006084718704222,0.04477022872502172,0.031245622556589584
635,0.0405118465423584,0.16049727737903596,0.04484972555146032,0.03129464721830033
636,0.04199814796447754,0.1609343017578125,0.0449292513480379,0.03134368065729409
637,0.04205012321472168,0.1613719203233719,0.045008806080568564,0.03139272286164519
638,0.04199790954589844,0.1618101330757141,0.0450883897149522,0.03144177381946035
639,0.04199981689453125,0.16224894001483917,0.045168002217174055,0.03149083351887849
640,0.041001081466674805,0.16268834114074707,0.045247643553304524,0.03153990194807064
641,0.04199862480163574,0.1631283364534378,0.04532731368949875,0.03158897909523979
642,0.04199981689453125,0.16356892595291136,0.045407012591996324,0.03163806494862081
643,0.041999101638793945,0.1640101096391678,0.045486740227120945,0.031687159496480224
644,0.04199790954589844,0.16445188751220702,0.04556649656128014,0.031736262727116195
645,0.042000532150268555,0.1648942595720291,0.04564628156096489,0.0317853746288583
646,0.042000532150268555,0.16533722581863403,0.045726095192749346,0.031834495190067466
647,0.04199957847595215,0.16578078625202178,0.04580593742329053,0.03188362439913583
648,0.043998003005981445,0.1662249408721924,0.045885808219327966,0.03193276224448658
649,0.04199814796447754,0.1666696896791458,0.04596570754768338,0.0319819087145739
650,0.042031049728393555,0.16711503267288208,0.04604563537526047,0.03203106379788277
651,0.04297065734863281,0.1675609698534012,0.0461255916690445,0.03208022748292889
652,0.042998552322387695,0.16800750122070313,0.04620557639610199,0.032129399758258535
653,0.04399871826171875,0.1684546267747879,0.04628558952358048,0.03217858061244846
654,0.0429990291595459,0.1689023465156555,0.0463656310187082,0.03222777003410575
655,0.04298973083496094,0.16935066044330596,0.04644570084879371,0.03227696801186769
656,0.0429987907409668,0.16979956855773926,0.04652579898122569,0.0323261745344017
657,0.04350852966308594,0.17024907085895538,0.046605925383472524,0.032375389590405174
658,0.0429997444152832,0.17069916734695434,0.04668608002308217,0.03242461316860534
659,0.04296994209289551,0.17114985802173616,0.04676626286768168,0.0324738452577592
660,0.042966365814208984,0.17160114288330078,0.04684647388497701,0.032523085846653366
661,0.042998313903808594,0.17205302193164826,0.04692671304275269,0.03257233492410395
662,0.043000221252441406,0.17250549516677857,0.04700698030887158,0.03262159247895649
663,0.043000221252441406,0.17295856258869172,0.04708727565127449,0.03267085850008576
664,0.0429990291595459,0.1734122241973877,0.04716759903797999,0.03272013297639575
665,0.044001102447509766,0.17386647999286653,0.04724795043708402,0.03276941589681942
666,0.04399991035461426,0.17432132997512817,0.0473283298167597,0.032818707250318734
667,0.04400181770324707,0.17477677414417267,0.047408737145256986,0.032868007025884445
668,0.04399847984313965,0.1752328125,0.04748917239090237,0.03291731521253602
669,0.04399871826171875,0.17568944504261017,0.04756963552209867,0.032966631799321494
670,0.04407930374145508,0.17614667177200316,0.04765012650732466,0.03301595677531744
671,0.043997764587402344,0.17660449268817902,0.047730645315134886,0.033065290129628756
672,0.04400324821472168,0.1770629077911377,0.0478111919141593,0.033114631851388625
673,0.042998552322387695,0.1775219170808792,0.047891766273103015,0.033163981929758383
674,0.04399847984313965,0.17798152055740357,0.04797236836074604,0.03321334035392738
675,0.04399847984313965,0.17844171822071075,0.04805299814594301,0.03326270711311296
676,0.043999671936035156,0.17890251007080077,0.048133655597622886,0.033312082196560226
677,0.04399871826171875,0.17936389610767364,0.04821434068478871,0.03336146559354204
678,0.04399919509887695,0.17982587633132935,0.04829505337651732,0.03341085729335888
679,0.044475555419921875,0.18028845074176789,0.04837579364195907,0.03346025728533869
680,0.04403519630432129,0.18075161933898926,0.04845656145033758,0.03350966555883686
681,0.044969797134399414,0.18121538212299346,0.048537356770949475,0.03355908210323605
682,0.04500579833984375,0.18167973909378052,0.048618179573164104,0.033608506907946104
683,0.04399991035461426,0.1821446902513504,0.04869902982642326,0.03365793996240396
684,0.04499959945678711,0.18261023559570314,0.048779907500241,0.03370738125607354
685,0.04499983787536621,0.1830763751268387,0.04886081256420324,0.033756830778445636
686,0.04500102996826172,0.18354310884475708,0.04894174498796764,0.03380628851903783
687,0.045999765396118164,0.18401043674945833,0.04902270474126326,0.03385575446739435
688,0.04403424263000488,0.18447835884094238,0.04910369179389033,0.03390522861308602
689,0.04500389099121094,0.1849468751192093,0.04918470611571997,0.03395471094571012
690,0.04599952697753906,0.18541598558425904,0.04926574767669399,0.034004201454890304
691,0.044999122619628906,0.1858856902360916,0.049346816446824565,0.03405370013027651
692,0.046000003814697266,0.18635598907470702,0.04942791239619401,0.034103206961544806
693,0.044999122619628906,0.18682688210010528,0.0495090354949546,0.03415272193839738
694,0.04499936103820801,0.18729836931228638,0.049590185713328176,0.034202245050562345
695,0.0455474853515625,0.18777045071125031,0.049671363021606026,0.03425177628779373
696,0.04596757888793945,0.18824312629699708,0.04975256739014858,0.034301315639871315
697,0.04599809646606445,0.18871639606952667,0.04983379878938514,0.03435086309660055
698,0.04597067832946777,0.1891902600288391,0.049915057189813705,0.03440041864781249
699,0.04600024223327637,0.18966471817493438,0.04999634256200064,0.03444998228336368
700,0.04584860801696777,0.1901397705078125,0.05007765487658055,0.03449955399313603
701,0.045999765396118164,0.19061541702747345,0.05015899410425593,0.03454913376703676
702,0.04599809646606445,0.19109165773391726,0.050240360215796906,0.0345987215949983
703,0.04699993133544922,0.19156849262714387,0.05032175318204113,0.034648317466978155
704,0.04599881172180176,0.19204592170715332,0.05040317297389345,0.03469792137295887
705,0.045998573303222656,0.1925239449739456,0.050484619562325674,0.034747533302947914
706,0.045995473861694336,0.19300256242752076,0.050566092918376306,0.03479715324697755
707,0.047479867935180664,0.19348177406787873,0.05064759301315044,0.03484678119510481
708,0.04799938201904297,0.19396157989501953,0.050729119817819336,0.034896417137411345
709,0.046999454498291016,0.19444197990894316,0.05081067330362038,0.034946061064003366
710,0.04599905014038086,0.19492297410964965,0.050892253441856675,0.034995712965011534
711,0.04699826240539551,0.19540456249713897,0.050973860203896985,0.03504537283059091
712,0.04801654815673828,0.19588674507141113,0.05105549356117532,0.03509504065092077
713,0.04699969291687012,0.19636952183246614,0.05113715348519087,0.035144716416204654
714,0.04700160026550293,0.19685289278030396,0.05121883994750772,0.03519440011667014
715,0.046999216079711914,0.1973368579149246,0.05130055291975455,0.03524409174256886
716,0.04700136184692383,0.19782141723632812,0.05138229237362452,0.035293791284176354
717,0.0469970703125,0.1983065707445145,0.05146405828087501,0.035343498731791975
718,0.04699873924255371,0.19879231843948367,0.05154585061332734,0.03539321407573885
719,0.04900074005126953,0.19927866032123565,0.05162766934286666,0.03544293730636377
720,0.04799962043762207,0.19976559638977048,0.05170951444144158,0.03549266841403706
721,0.049997806549072266,0.2002531266450882,0.05179138588106413,0.03554240738915259
722,0.048999786376953125,0.2007412510871887,0.05187328363380938,0.035592154222127574
723,0.04899907112121582,0.20122996971607207,0.0519552076718153,0.03564190890340259
724,0.05099177360534668,0.20171928253173826,0.052037157967282546,0.03569167142344141
725,0.04899883270263672,0.20220918953418732,0.0521191344924742,0.035741441772730954
726,0.04799962043762207,0.20269969072341917,0.052201137219715615,0.03579121994178124
727,0.04999876022338867,0.2031907860994339,0.05228316612139415,0.035841005921125234
728,0.04999899864196777,0.20368247566223147,0.05236522116995898,0.035890799701318796
729,0.048001766204833984,0.20417475941181185,0.05244730233792087,0.03594060127294062
730,0.04803133010864258,0.20466763734817506,0.05252940959785202,0.0359904106265921
731,0.04897356033325195,0.2051611094713211,0.05261154292238574,0.0360402277528973
732,0.04900002479553223,0.20565517578124998,0.05269370228421635,0.03609005264250284
733,0.04799699783325195,0.20614983627796174,0.052775887656098946,0.03613988528607783
734,0.04899954795837402,0.2066450909614563,0.05285809901084914,0.036189725674313764
735,0.04999971389770508,0.2071409398317337,0.05294033632134292,0.03623957379792448
736,0.053002357482910156,0.20763738288879394,0.05302259956051643,0.03628942964764607
737,0.05099916458129883,0.20813442013263703,0.05310488870136572,0.03633929321423675
738,0.04999899864196777,0.20863205156326295,0.05318720371694658,0.03638916448847684
739,0.051000356674194336,0.2091302771806717,0.05326954458037435,0.03643904346116866
740,0.05199861526489258,0.2096290969848633,0.0533519112648237,0.03648893012313648
741,0.05099821090698242,0.2101285109758377,0.05343430374352844,0.03653882446522638
742,0.051996469497680664,0.21062851915359498,0.05351672198978128,0.03658872647830623
743,0.05300307273864746,0.21112912151813507,0.05359916597693369,0.036638636153265576
744,0.04950666427612305,0.211630318069458,0.05368163567839568,0.036688553481015594
745,0.05052375793457031,0.21213210880756378,0.053764131067635564,0.036738478452489
746,0.049553871154785156,0.2126344937324524,0.05384665211817983,0.036788411058639954
747,0.049967050552368164,0.21313747284412382,0.053929198803612924,0.03683835129044402
748,0.05099964141845703,0.21364104614257812,0.05401177109757697,0.03688829913889805
749,0.051036834716796875,0.21414521362781525,0.05409436897377176,0.036938254595020155
750,0.049964189529418945,0.2146499752998352,0.054176992405954374,0.03698821764984957
751,0.05061745643615723,0.21515533115863802,0.05425964136793911,0.037038188294446654
752,0.05099964141845703,0.21566128120422365,0.05434231583359718,0.037088166519892746
753,0.05099821090698242,0.21616782543659213,0.054425015776856704,0.03713815231729014
754,0.04961371421813965,0.21667496385574342,0.054507741171702324,0.037188145677761984
755,0.04996967315673828,0.21718269646167757,0.054590491992175104,0.037238146592452205
756,0.05002903938293457,0.21769102325439454,0.054673268212372374,0.03728815505252547
757,0.04999828338623047,0.21819994423389436,0.054756069806447476,0.03733817104916706
758,0.05099892616271973,0.218709459400177,0.05483889674860961,0.037388194573582854
759,0.050000667572021484,0.2192195687532425,0.054921749013123675,0.037438225616999214
760,0.052509307861328125,0.2197302722930908,0.05500462657431003,0.03748826417066293
761,0.051999568939208984,0.22024157001972197,0.055087529406544364,0.03753831022584116
762,0.051999807357788086,0.220753461933136,0.05517045748425745,0.03758836377382133
763,0.05199885368347168,0.22126594803333283,0.05525341078193506,0.037638424805911105
764,0.05300021171569824,0.22177902832031252,0.05533638927411766,0.037688493313438265
765,0.04999995231628418,0.22229270279407504,0.055419392935400345,0.03773856928775069
766,0.05208563804626465,0.22280697145462036,0.0555024217404326,0.037788652720216254
767,0.05100226402282715,0.22332183430194852,0.0555854756639181,0.03783874360222276
768,0.05103039741516113,0.22383729133605956,0.05566855468061463,0.037888841925177885
769,0.04999828338623047,0.2243533425569534,0.055751658765333764,0.03793894768050911
770,0.05100131034851074,0.22486998796463012,0.055834787892940815,0.03798906085966364
771,0.05099773406982422,0.22538722755908963,0.05591794203835463,0.038039181454108326
772,0.05199885368347168,0.22590506134033203,0.05600112117654737,0.03808930945532965
773,0.05199861526489258,0.22642348930835726,0.05608432528254432,0.03813944485483359
774,0.05150890350341797,0.2269425114631653,0.05616755433142387,0.03818958764414558
775,0.05200028419494629,0.22746212780475616,0.05625080829831711,0.03823973781481047
776,0.05251026153564453,0.2279823383331299,0.05633408715840791,0.03828989535839243
777,0.05200791358947754,0.22850314304828642,0.0564173908869325,0.038340060266474865
778,0.05299973487854004,0.2290245419502258,0.05650071945917948,0.03839023253066041
779,0.051492929458618164,0.22954653503894806,0.05658407285048959,0.03844041214257081
780,0.05200028419494629,0.23006912231445312,0.05666745103625551,0.03849059909384687
781,0.05200028419494629,0.23059230377674103,0.05675085399192184,0.03854079337614841
782,0.052969932556152344,0.23111607942581178,0.0568342816929846,0.038590994981154134
783,0.05270242691040039,0.23164044926166535,0.0569177341149915,0.0386412039005617
784,0.05313229560852051,0.23216541328430176,0.05700121123354145,0.038691420126087506
785,0.0519719123840332,0.23269097149372103,0.05708471302428451,0.0387416436494667
786,0.05399966239929199,0.2332171238899231,0.057168239462921724,0.038791874462453135
787,0.05199909210205078,0.23374387047290804,0.05725179052520494,0.03884211255681923
788,0.05299878120422363,0.23427121124267578,0.05733536618693669,0.03889235792435602
789,0.052000999450683594,0.23479914619922637,0.05741896642396995,0.03894261055687297
790,0.05357670783996582,0.2353276753425598,0.057502591212208055,0.038992870446198
791,0.05296921730041504,0.23585679867267606,0.05758624052760448,0.039043137584177386
792,0.05258607864379883,0.2363865161895752,0.05766991434616277,0.03909341196267573
793,0.05187726020812988,0.23691682789325713,0.05775361264393622,0.03914369357357583
794,0.05399894714355469,0.23744773378372191,0.057837335397027886,0.039193982408778714
795,0.052999019622802734,0.23797923386096956,0.057921082581590344,0.03924427846020348
796,0.05297040939331055,0.238511328125,0.0580048541738255,0.03929458171978732
797,0.05401182174682617,0.23904401657581328,0.05808865014998454,0.039344892179485405
798,0.05299973487854004,0.23957729921340942,0.058172470486367665,0.039395209831270844
799,0.05236482620239258,0.2401111760377884,0.05825631515932399,0.039445534667134644
800,0.052999019622802734,0.2406456470489502,0.05834018414525141,0.03949586667908559
801,0.05399918556213379,0.24118071224689483,0.05842407742059637,0.039546205859150266
802,0.05369067192077637,0.24171637163162232,0.058507994961853826,0.039596552199372935
803,0.053998470306396484,0.24225262520313262,0.058591936745566925,0.039646905691815504
804,0.05304360389709473,0.24278947296142578,0.058675902748327055,0.03969726632855745
805,0.05403017997741699,0.24332691490650177,0.05875989294677355,0.03974763410169579
806,0.0540003776550293,0.24386495103836062,0.0588439073175936,0.03979800900334501
807,0.05500054359436035,0.24440358135700224,0.05892794583752199,0.03984839102563697
808,0.052947998046875,0.24494280586242675,0.0590120084833412,0.03989878016072093
809,0.05403256416320801,0.2454826245546341,0.05909609523188095,0.03994917640076339
810,0.05304598808288574,0.24602303743362428,0.05918020606001831,0.039999579737948134
811,0.05399918556213379,0.24656404449939726,0.059264340944677384,0.04004999016447609
812,0.055001020431518555,0.24710564575195315,0.05934849986282926,0.04010040767256531
813,0.054001808166503906,0.2476478411912918,0.05943268279149177,0.04015083225445094
814,0.05499601364135742,0.2481906308174133,0.05951688970772947,0.040201263902385105
815,0.054999351501464844,0.2487340146303177,0.05960112058865337,0.040251702608636905
816,0.055031538009643555,0.2492779926300049,0.059685375411420896,0.040302148365492306
817,0.055994272232055664,0.2498225648164749,0.059769654153235645,0.04035260116525417
818,0.053998470306396484,0.25036773118972777,0.05985395679134732,0.0404030610002421
819,0.05497097969055176,0.2509134917497635,0.059938283303051544,0.040453527862792445
820,0.05499839782714844,0.25145984649658204,0.060022633665689745,0.04050400174525824
821,0.05599832534790039,0.2520067954301834,0.06010700785664899,0.04055448264000914
822,0.05496644973754883,0.25255433855056764,0.06019140585336191,0.04060497053943137
823,0.05500006675720215,0.25310247585773465,0.06027582763330642,0.04065546543592766
824,0.05699872970581055,0.25365120735168456,0.06036027317400574,0.04070596732191723
825,0.055998802185058594,0.2542005330324173,0.060444742453028125,0.04075647618983567
826,0.058000802993774414,0.25475045289993287,0.06052923544798684,0.04080699203213496
827,0.05800056457519531,0.25530096695423127,0.060613752136539925,0.04085751484128336
828,0.057001352310180664,0.2558520751953125,0.06069829249639009,0.040908044609765395
829,0.059999942779541016,0.25640377762317657,0.06078285650528464,0.040958581330081775
830,0.05899930000305176,0.25695607423782346,0.060867444141015206,0.04100912499474936
831,0.059023380279541016,0.25750896503925325,0.06095205538141778,0.04105967559630111
832,0.06100177764892578,0.2580624500274658,0.0610366902043724,0.041110233127286
833,0.06100130081176758,0.25861652920246125,0.061121348587803166,0.04116079758026904
834,0.059000492095947266,0.25917120256423953,0.06120603050967802,0.04121136894783113
835,0.058999061584472656,0.2597264701128006,0.061290735948008636,0.04126194722256909
836,0.05800151824951172,0.26028233184814453,0.061375464880850265,0.04131253239709555
837,0.060002803802490234,0.2608387877702713,0.06146021728630167,0.041363124464038954
838,0.05899691581726074,0.2613958378791809,0.06154499314250492,0.041413723416043456
839,0.05932497978210449,0.26195348217487335,0.061629792427645304,0.041464329245768906
840,0.058545827865600586,0.2625117206573486,0.061714615119951154,0.041514941945890775
841,0.05950784683227539,0.2630705533266068,0.061799461197693764,0.04156556150910014
842,0.05828237533569336,0.2636299801826477,0.06188433063918725,0.0416161879281036
843,0.05959606170654297,0.2641900012254715,0.0619692234227884,0.041666821195623226
844,0.05799984931945801,0.26475061645507814,0.06205413952689655,0.04171746130439655
845,0.05613827705383301,0.26531182587146757,0.062139078929953476,0.04176810824717648
846,0.060999155044555664,0.2658736294746399,0.062224041610443225,0.04181876201673125
847,0.0590054988861084,0.26643602726459503,0.06230902754689207,0.0418694226058444
848,0.06100177764892578,0.266999019241333,0.06239403671786826,0.041920090007314705
849,0.07400083541870117,0.2675626054048538,0.06247906910198205,0.04197076421395613
850,0.06000185012817383,0.26812678575515747,0.06256412467788539,0.04202144521859779
851,0.05902814865112305,0.26869156029224395,0.06264920342427198,0.04207213301408388
852,0.05696702003479004,0.26925692901611326,0.06273430531987699,0.04212282759327366
853,0.05796694755554199,0.26982289192676545,0.06281943034347708,0.04217352894904141
854,0.05799984931945801,0.2703894490242004,0.0629045784738902,0.042224237074276326
855,0.06100034713745117,0.2709566003084183,0.06298974968997538,0.042274951961882516
856,0.05899953842163086,0.271524345779419,0.06307494397063283,0.04232567360477897
857,0.0579981803894043,0.27209268543720244,0.06316016129480362,0.042376401995899496
858,0.0579986572265625,0.2726616192817688,0.06324540164146959,0.042427137128192634
859,0.0579984188079834,0.273231147313118,0.0633306649896534,0.04247787899462169
860,0.05800032615661621,0.27380126953125,0.0634159513184181,0.04252862758816459
861,0.0580751895904541,0.27437198593616485,0.0635012606068673,0.04257938290181394
862,0.05915570259094238,0.27494329652786254,0.06358659283414493,0.042630144928576925
863,0.05997037887573242,0.2755152013063431,0.06367194797943508,0.042680913661475244
864,0.06399774551391602,0.27608770027160645,0.06375732602196196,0.04273168909354507
865,0.059998273849487305,0.27666079342365263,0.06384272694098973,0.0427824712178371
866,0.06100106239318848,0.2772344807624817,0.0639281507158224,0.04283326002741635
867,0.06099891662597656,0.27780876228809354,0.06401359732580379,0.04288405551536225
868,0.06299614906311035,0.27838363800048826,0.06409906675031721,0.04293485767476851
869,0.06099987030029297,0.2789591078996658,0.06418455896878558,0.04298566649874314
870,0.05857563018798828,0.2795351719856262,0.0642700739606711,0.043036481980408346
871,0.05818939208984375,0.28011183025836944,0.06435561170547535,0.04308730411290052
872,0.05800127983093262,0.2806890827178955,0.06444117218273898,0.04313813288937021
873,0.05914878845214844,0.2812669293642044,0.06452675537204175,0.04318896830298205
874,0.06149172782897949,0.2818453701972961,0.06461236125300228,0.043239810346914716
875,0.058998823165893555,0.2824244052171707,0.06469798980527805,0.043290659014360876
876,0.05896759033203125,0.2830040344238281,0.06478364100856522,0.04334151429852721
877,0.05907249450683594,0.28358425781726837,0.06486931484259854,0.043392376192634266
878,0.05807924270629883,0.2841650753974914,0.06495501128715123,0.04344324468991651
879,0.06008505821228027,0.28474648716449735,0.06504073032203488,0.04349411978362222
880,0.05869317054748535,0.2853284931182862,0.06512647192709929,0.04354500146701347
881,0.05949807167053223,0.2859110932588577,0.0652122360822325,0.043595889733366096
882,0.06058931350708008,0.28649428758621215,0.06529802276736046,0.04364678457596963
883,0.05903029441833496,0.2870780761003494,0.06538383196244713,0.04369768598812727
884,0.05907797813415527,0.2876624588012695,0.06546966364749422,0.04374859396315586
885,0.05997276306152344,0.28824743568897243,0.06555551780254118,0.04379950849438581
886,0.06012988090515137,0.28883300676345824,0.06564139440766502,0.043850429575161075
887,0.05866217613220215,0.2894191720247269,0.06572729344298028,0.04390135719883911
888,0.05996823310852051,0.2900059314727783,0.0658132148886388,0.04395229135879082
889,0.059165000915527344,0.2905932851076126,0.06589915872482974,0.044003232048400565
890,0.060965538024902344,0.29118123292922976,0.06598512493177945,0.04405417926106604
891,0.06099987030029297,0.2917697749376297,0.06607111348975125,0.04410513299019831
892,0.05896759033203125,0.29235891113281254,0.06615712437904545,0.04415609322922172
893,0.06053614616394043,0.2929486415147781,0.06624315757999927,0.04420705997157388
894,0.05999612808227539,0.29353896608352664,0.06632921307298653,0.0442580332107056
895,0.06057167053222656,0.29412988483905794,0.06641529083841777,0.044309012940080904
896,0.06014823913574219,0.2947213977813721,0.06650139085674002,0.04435999915317693
897,0.06096935272216797,0.29531350491046904,0.06658751310843677,0.04441099184348389
898,0.06000208854675293,0.29590620622634883,0.06667365757402781,0.044461991004505125
899,0.06197476387023926,0.2964995017290115,0.06675982423406913,0.044512996629756905
900,0.06100177764892578,0.29709339141845703,0.0668460130691528,0.04456400871276855
901,0.06351447105407715,0.2976878752946854,0.06693222405990701,0.04461502724708231
902,0.06361985206604004,0.29828295335769656,0.06701845718699573,0.044666052226253285
903,0.06499958038330078,0.2988786256074905,0.06710471243111882,0.044717083643849534
904,0.06300187110900879,0.29947489204406735,0.06719098977301179,0.044768121493451836
905,0.06200003623962402,0.3000717526674271,0.06727728919344579,0.04481916576865385
906,0.060970306396484375,0.3006692074775696,0.06736361067322742,0.04487021646306191
907,0.06100010871887207,0.3012672564744949,0.06744995419319877,0.044921273570295114
908,0.0599977970123291,0.3018658996582031,0.06753631973423713,0.0449723370839852
909,0.061968088150024414,0.30246513702869415,0.06762270727725504,0.04502340699777656
910,0.061000823974609375,0.30306496858596804,0.06770911680320015,0.04507448330532617
911,0.06196427345275879,0.30366539433002476,0.0677955482930551,0.045125566000303596
912,0.06200122833251953,0.30426641426086426,0.06788200172783743,0.04517665507639089
913,0.06200265884399414,0.30486802837848664,0.06796847708859946,0.0452277505272826
914,0.06196737289428711,0.3054702366828918,0.06805497435642831,0.04527885234668573
915,0.06196713447570801,0.30607303917407985,0.0681414935124456,0.0453299605283197
916,0.06096792221069336,0.3066764358520508,0.06822803453780754,0.04538107506591631
917,0.06200003623962402,0.3072804267168045,0.06831459741370471,0.045432195953219665
918,0.06199955940246582,0.3078850117683411,0.06840118212136204,0.04548332318398622
919,0.061968088150024414,0.3084901910066605,0.06848778864203867,0.04553445675198466
920,0.06300091743469238,0.30909596443176274,0.06857441695702789,0.04558559665099592
921,0.06196761131286621,0.3097023320436478,0.06866106704765701,0.04563674287481312
922,0.06197071075439453,0.3103092938423157,0.06874773889528726,0.04568789541724154
923,0.06399846076965332,0.3109168498277664,0.06883443248131377,0.045739054272098574
924,0.06296157836914062,0.311525,0.06892114778716538,0.045790219433213736
925,0.06199979782104492,0.3121337443590164,0.06900788479430459,0.04584139089442856
926,0.06296062469482422,0.3127430829048157,0.06909464348422742,0.04589256864959659
927,0.06300020217895508,0.31335301563739776,0.06918142383846347,0.04594375269258339
928,0.06299901008605957,0.3139635425567627,0.06926822583857566,0.04599494301726643
929,0.06299757957458496,0.3145746636629105,0.06935504946616015,0.04604613961753511
930,0.06298446655273438,0.31518637895584106,0.06944189470284638,0.04609734248729072
931,0.06296491622924805,0.3157986884355545,0.06952876153029683,0.046148551620446364
932,0.06299996376037598,0.3164115921020508,0.06961564993020698,0.04619976701092697
933,0.06296777725219727,0.3170250899553299,0.06970255988430532,0.04625098865266924
934,0.06403088569641113,0.3176391819953918,0.06978949137435307,0.0463022165396216
935,0.06299829483032227,0.3182538682222366,0.06987644438214423,0.046353450665744214
936,0.06296086311340332,0.31886914863586424,0.06996341888950544,0.04640469102500888
937,0.06396317481994629,0.3194850232362747,0.07005041487829593,0.04645593761139905
938,0.06296491622924805,0.320101492023468,0.07013743233040737,0.04650719041890979
939,0.06299996376037598,0.32071855499744417,0.0702244712277638,0.046558449441547724
940,0.06296515464782715,0.3213362121582031,0.07031153155232159,0.046609714673331006
941,0.06300973892211914,0.3219544635057449,0.07039861328606926,0.04666098610828931
942,0.06299662590026855,0.3225733090400696,0.0704857164110275,0.04671226374046376
943,0.06399941444396973,0.32319274876117704,0.07057284090924901,0.04676354756390694
944,0.06396961212158203,0.3238127826690674,0.0706599867628184,0.04681483757268282
945,0.06496834754943848,0.32443341076374055,0.0707471539538522,0.046866133760866784
946,0.0650017261505127,0.32505463304519655,0.07083434246449864,0.04691743612254548
947,0.06499767303466797,0.3256764495134354,0.07092155227693767,0.04696874465181691
948,0.06499862670898438,0.32629886016845705,0.07100878337338079,0.04702005934279036
949,0.06496810913085938,0.32692186501026155,0.07109603573607108,0.04707138018958632
950,0.06540465354919434,0.3275454640388489,0.071183309347283,0.04712270718633654
951,0.06550049781799316,0.32816965725421904,0.07127060418932235,0.047174040327183905
952,0.06511592864990234,0.3287944446563721,0.07135792024452615,0.04722537960628245
953,0.06496834754943848,0.3294198262453079,0.07144525749526265,0.04727672501779734
954,0.06496787071228027,0.3300458020210266,0.07153261592393119,0.04732807655590482
955,0.06499552726745605,0.3306723719835281,0.07161999551296201,0.04737943421479218
956,0.06496930122375488,0.3312995361328125,0.07170739624481642,0.04743079798865773
957,0.06502723693847656,0.3319272944688797,0.0717948181019864,0.04748216787171077
958,0.06512236595153809,0.33255564699172974,0.0718822610669948,0.04753354385817155
959,0.06609535217285156,0.3331845937013626,0.0719697251223951,0.04758492594227127
960,0.06496644020080566,0.3338141345977783,0.07205721025077134,0.047636314118251984
961,0.06606698036193848,0.3344442696809769,0.0721447164347381,0.04768770838036665
962,0.06500101089477539,0.33507499895095827,0.07223224365694039,0.04773910872287903
963,0.06499910354614258,0.33570632240772247,0.07231979190005351,0.047790515140063716
964,0.06599807739257812,0.3363382400512695,0.07240736114678308,0.04784192762620604
965,0.06499981880187988,0.3369707518815994,0.07249495137986481,0.047893346175602106
966,0.06675171852111816,0.33760385789871217,0.07258256258206461,0.047944770782558696
967,0.06422638893127441,0.33823755810260775,0.07267019473617835,0.04799620144139333
968,0.0670323371887207,0.3388718524932861,0.07275784782503184,0.0480476381464341
969,0.06499958038330078,0.33950674107074735,0.07284552183148073,0.04809908089201979
970,0.06596684455871582,0.34014222383499143,0.07293321673841052,0.04815052967249974
971,0.06865954399108887,0.34077830078601834,0.07302093252873632,0.04820198448223387
972,0.06511163711547852,0.34141497192382814,0.07310866918540292,0.04825344531559261
973,0.06511592864990234,0.3420522372484207,0.07319642669138464,0.04830491216695692
974,0.06596899032592773,0.34269009675979617,0.07328420502968523,0.048356385030718194
975,0.06669402122497559,0.3433285504579544,0.07337200418333784,0.04840786390127831
976,0.06664872169494629,0.34396759834289553,0.07345982413540497,0.04845934877304956
977,0.06611871719360352,0.3446072404146195,0.07354766486897829,0.048510839640454585
978,0.0661153793334961,0.3452474766731262,0.07363552636717864,0.04856233649792643
979,0.06504607200622559,0.34588830711841584,0.07372340861315597,0.04861383933990843
980,0.0660865306854248,0.3465297317504883,0.07381131159008918,0.04866534816085423
981,0.06612658500671387,0.3471717505693436,0.07389923528118607,0.04871686295522776
982,0.06690549850463867,0.3478143635749817,0.07398717966968339,0.048768383717503194
983,0.06663918495178223,0.34845757076740264,0.07407514473884656,0.04881991044216489
984,0.06662321090698242,0.34910137214660647,0.07416313047196978,0.04887144312370742
985,0.06631898880004883,0.3497457677125931,0.07425113685237573,0.048922981756635495
986,0.06616044044494629,0.3503907574653625,0.0743391638634158,0.04897452633546398
987,0.06662178039550781,0.35103634140491485,0.07442721148846976,0.049026076854717826
988,0.06696462631225586,0.35168251953124996,0.07451527971094574,0.04907763330893204
989,0.0670003890991211,0.352329291844368,0.07460336851428029,0.049129195692651714
990,0.06615447998046875,0.3529766583442688,0.07469147788193811,0.04918076400043194
991,0.06699991226196289,0.35362461903095244,0.07477960779741216,0.049232338226837785
992,0.06807661056518555,0.3542731739044189,0.07486775824422345,0.0492839183664443
993,0.06611943244934082,0.35492232296466825,0.074955929205921,0.04933550441383647
994,0.06715989112854004,0.35557206621170045,0.07504412066608178,0.049387096363609155
995,0.06752395629882812,0.35622240364551544,0.07513233260831072,0.049438694210367146
996,0.06711077690124512,0.35687333526611326,0.07522056501624047,0.04949029794872508
997,0.06719231605529785,0.35752486107349396,0.07530881787353143,0.049541907573307384
998,0.0690011978149414,0.3581769810676575,0.07539709116387172,0.049593523078748335
999,0.06737971305847168,0.3588296952486038,0.07548538487097697,0.049645144459691926
